state_u,district_u,lat,lng
A & N ISLANDS,A AND N ISLANDS,20.68879533333333,79.11521183333333
A & N ISLANDS,ANDAMAN,20.59425351923077,78.98970976923077
A & N ISLANDS,CAR,20.585876,78.58264249999999
A & N ISLANDS,NICOBAR,20.638655454545457,78.84296681818182
A & N ISLANDS,NORTH,28.7101715,77.121305
A & N ISLANDS,NORTH & MIDDLE ANDAMAN,20.958852,79.3055694
A & N ISLANDS,SOUTH,28.45777,77.14660149999999
A & N ISLANDS,SOUTH ANDAMAN,20.85482383333333,79.43171216666667
A & N ISLANDS,TOTAL,20.597029484375,78.91991334375
A & N ISLANDS,TOTAL DISTRICT(S),20.976308166666666,78.9234795
A&N ISLANDS,CAR,20.082577666666666,78.80322933333333
A&N ISLANDS,NORTH,28.6357248,77.1589198
A&N ISLANDS,SOUTH,28.494461,77.25908533333333
A&N ISLANDS,ZZ TOTAL,20.7108935,79.04426966666666
ANDHRA PRADESH,ADILABAD,19.676209384615383,78.53460407692307
ANDHRA PRADESH,ANANTAPUR,14.662835109756097,77.6131478902439
ANDHRA PRADESH,CHITTOOR,13.217736928571428,79.10269588095238
ANDHRA PRADESH,CUDDAPAH,14.490717095238097,78.83766048809524
ANDHRA PRADESH,CYBERABAD,15.884780147058825,79.70294397058824
ANDHRA PRADESH,EAST GODAVARI,17.38962282142857,81.92576002380953
ANDHRA PRADESH,GUNTAKAL RLY.,15.8703225,79.74710970588235
ANDHRA PRADESH,GUNTUR,16.33765525,80.44908053571429
ANDHRA PRADESH,GUNTUR URBAN,16.283255333333333,80.43813156666667
ANDHRA PRADESH,HYDERABAD CITY,17.372669848101268,78.4683035443038
ANDHRA PRADESH,KARIMNAGAR,18.41658918987342,79.11631393670886
ANDHRA PRADESH,KHAMMAM,17.27222344871795,80.14016087179486
ANDHRA PRADESH,KRISHNA,16.626100392857143,80.65702903571429
ANDHRA PRADESH,KURNOOL,15.83800680952381,78.0583977142857
ANDHRA PRADESH,MAHABOOBNAGAR,16.73778464102564,77.97602197435897
ANDHRA PRADESH,MEDAK,18.021243666666667,78.2679733076923
ANDHRA PRADESH,NALGONDA,17.05582576923077,79.24592567948719
ANDHRA PRADESH,NELLORE,14.430401714285713,79.97463983333334
ANDHRA PRADESH,NIZAMABAD,18.68366987341772,78.08837216455696
ANDHRA PRADESH,PRAKASHAM,15.362883166666666,79.61402495238096
ANDHRA PRADESH,RAJAHMUNDRY,15.879178300000001,79.7492646
ANDHRA PRADESH,RANGA REDDY,17.36352235443038,78.4258356835443
ANDHRA PRADESH,SECUNDERABAD RLY.,15.9749292,79.71028776666667
ANDHRA PRADESH,SRIKAKULAM,18.28081554761905,83.87374666666668
ANDHRA PRADESH,TIRUPATHI URBAN,15.950128666666668,79.7886407
ANDHRA PRADESH,TOTAL,15.999445131578948,79.76316021052631
ANDHRA PRADESH,TOTAL DISTRICT(S),15.954089166666668,80.01535883333334
ANDHRA PRADESH,VIJAYAWADA,16.526043666666666,80.6516338
ANDHRA PRADESH,VIJAYAWADA CITY,16.488293407407408,80.64625864814815
ANDHRA PRADESH,VIJAYAWADA RAILWAY,16.4265856,80.58647140000001
ANDHRA PRADESH,VIJAYAWADA RLY.,16.526654333333333,80.57925580555555
ANDHRA PRADESH,VISAKHA RURAL,15.906714265060241,79.72612266265061
ANDHRA PRADESH,VISAKHAPATNAM,17.675702626506023,83.22889014457832
ANDHRA PRADESH,VIZIANAGARAM,18.120753172839507,83.3985447037037
ANDHRA PRADESH,WARANGAL,17.97555868918919,79.57825017567568
ANDHRA PRADESH,WARANGAL URBAN,18.010399208333332,79.602943375
ANDHRA PRADESH,WEST GODAVARI,15.84547044047619,79.72514236904762
ANDHRA PRADESH,ZZ TOTAL,15.764869,79.77812466666667
ARUNACHAL PRADESH,ANJAW,20.301734,78.674534
ARUNACHAL PRADESH,CHANGLANG,20.54747904,79.02905546
ARUNACHAL PRADESH,DIBANG VALLEY,20.554191023255814,78.88320937209302
ARUNACHAL PRADESH,K/KUMEY,20.74967380952381,78.98806595238095
ARUNACHAL PRADESH,KAMENG EAST,20.486247564102566,78.99183828205128
ARUNACHAL PRADESH,KAMENG WEST,20.438659965517243,78.94818234482759
ARUNACHAL PRADESH,KURUNG KUMEY,20.3545825,79.440304
ARUNACHAL PRADESH,LOHIT,20.4798809375,78.8966196875
ARUNACHAL PRADESH,LONGDING,20.502641166666667,78.8052505
ARUNACHAL PRADESH,LOWER DIBANG VALLEY,21.0973505,78.825181
ARUNACHAL PRADESH,PAPUM PARE,20.60148040350877,79.02271871929824
ARUNACHAL PRADESH,PAPUM PARE CITY,20.6158694,78.9595614
ARUNACHAL PRADESH,PAPUM PARE RURAL,21.1315205,78.3739285
ARUNACHAL PRADESH,RURAL,20.7120056,78.62194326666666
ARUNACHAL PRADESH,SIANG EAST,20.564428074074073,78.96998848148148
ARUNACHAL PRADESH,SIANG UPPER,20.525559529411765,78.79021258823529
ARUNACHAL PRADESH,SIANG WEST,20.582805728813558,78.98387986440679
ARUNACHAL PRADESH,SUBANSIRI LOWER,20.552442764705884,78.97297864705882
ARUNACHAL PRADESH,SUBANSIRI UPPER,20.434672375,78.9306763125
ARUNACHAL PRADESH,TAWANG,20.605394038461537,78.94956757692307
ARUNACHAL PRADESH,TIRAP,20.65346685714286,78.89066485714287
ARUNACHAL PRADESH,TOTAL,20.744014879310345,78.90654989655174
ARUNACHAL PRADESH,TOTAL DISTRICT(S),21.020556333333335,78.9347755
ARUNACHAL PRADESH,UPPER DIBANG VALLEY,20.204098666666667,79.22891166666666
ARUNACHAL PRADESH,ZZ TOTAL,20.5325316,78.6798522
ASSAM,BAKSA,26.088178133333333,92.89001246666666
ASSAM,BARPETA,26.18293942253521,92.97846126760564
ASSAM,BASKA,26.21599394117647,92.89729602941176
ASSAM,BONGAIGAON,26.232033347826086,93.01201584057972
ASSAM,C.I.D.,26.123394750000003,92.77842375
ASSAM,CACHAR,26.131458098591548,92.96417590140845
ASSAM,CHIRANG,26.175826826086958,92.8685217173913
ASSAM,DARRANG,26.194563356164384,92.97936539726028
ASSAM,DHEMAJI,26.2406902,92.94463387692308
ASSAM,DHUBRI,26.19563987012987,92.96060154545455
ASSAM,DIBRUGARH,27.496232261538463,94.91716655384616
ASSAM,DIMA HASAO,26.139024666666668,92.929657
ASSAM,G.R.P.,26.257525249999997,92.96036117857143
ASSAM,GOALPARA,26.18968686111111,92.92933456944445
ASSAM,GOLAGHAT,26.277295129032257,92.98903330645162
ASSAM,GUWAHATI CITY,26.132410928571428,91.72300157142857
ASSAM,HAILAKANDI,26.119047479452053,92.91907513698631
ASSAM,HAMREN,26.224371666666666,92.823173
ASSAM,JORHAT,26.746930499999998,94.18443153225807
ASSAM,KAMRUP,26.210394166666667,92.92354622727272
ASSAM,KARBI ANGLONG,26.177538174603175,92.91665742857144
ASSAM,KARIMGANJ,26.258278591549296,92.86605212676056
ASSAM,KOKRAJHAR,26.194146138888886,92.92885916666665
ASSAM,LAKHIMPUR,26.274505587301586,92.9052139047619
ASSAM,MORIGAON,26.176007214285715,92.91389764285715
ASSAM,N.C.HILLS,26.225573920000002,92.89034914
ASSAM,NAGAON,26.191607085365852,92.93929984146342
ASSAM,NALBARI,26.13310512307692,92.96686318461539
ASSAM,R.P.O.,26.324388884615384,92.94222653846154
ASSAM,SIBSAGAR,23.86561986153846,78.74902450769231
ASSAM,SONITPUR,26.150964873239435,92.86717769014084
ASSAM,TINSUKIA,26.222328811594203,92.96981523188406
ASSAM,TOTAL,26.15669622368421,92.89314114473684
ASSAM,TOTAL DISTRICT(S),26.181974571428572,93.10948942857144
ASSAM,UDALGURI,26.164292,93.04416595833334
ASSAM,ZZ TOTAL,26.295464857142857,93.00331914285714
BIHAR,ARARIA,25.11177625675676,85.32630236486487
BIHAR,ARWAL,25.107021703703705,85.29934944444443
BIHAR,AURANGABAD,19.866735362318842,75.36144878260869
BIHAR,BAGAHA,25.13162182089552,85.37881904477612
BIHAR,BANKA,25.099906408450703,85.29325257746478
BIHAR,BEGUSARAI,25.12276932394366,85.38606856338028
BIHAR,BETTIAH,25.081569347826086,85.26552589855072
BIHAR,BHABHUA,25.128087257575757,85.30208066666667
BIHAR,BHAGALPUR,25.24538302739726,86.96997479452054
BIHAR,BHOJPUR,25.10642714084507,85.32768657746479
BIHAR,BUXAR,25.094943042253522,85.38476602816901
BIHAR,DARBHANGA,26.177143527027027,85.89101383783785
BIHAR,GAYA,24.789203088235293,85.01749575
BIHAR,GOPALGANJ,25.059972735294117,85.31377936764706
BIHAR,JAMALPUR RAILWAY,24.6600735,85.111231
BIHAR,JAMALPUR RLY.,25.09080556,85.23248923999999
BIHAR,JAMUI,25.119850760563377,85.24080445070422
BIHAR,JEHANABAD,25.136675578125,85.236233921875
BIHAR,KATIHAR,25.110473438356163,85.29210935616439
BIHAR,KATIHAR RAILWAY,24.891038,85.377748
BIHAR,KATIHAR RLY.,25.158302840909087,85.331486
BIHAR,KHAGARIA,25.076589940298508,85.31785065671642
BIHAR,KISHANGANJ,25.074732461538463,85.33170947692308
BIHAR,LAKHISARAI,29.162664943661973,75.72155450704226
BIHAR,MADHEPURA,25.0661651,85.32335564285715
BIHAR,MADHUBANI,25.13713048529412,85.28705376470589
BIHAR,MOTIHARI,25.04683361111111,85.27859612499999
BIHAR,MUNGER,25.09410009375,85.29190928125
BIHAR,MUZAFFARPUR,26.103350026315788,85.36378855263158
BIHAR,MUZAFFARPUR RAILWAY,26.1450015,85.36201375
BIHAR,MUZAFFARPUR RLY.,26.148873315789473,85.36051781578948
BIHAR,NALANDA,25.14588177922078,85.43280242857142
BIHAR,NAUGACHIA,25.051917636363637,85.28719653030304
BIHAR,NAWADAH,25.11005845,85.3021555875
BIHAR,PATNA,25.597249911392407,85.1497002278481
BIHAR,PATNA RAILWAY,25.657372,85.16506175
BIHAR,PATNA RLY.,25.600007901960783,85.12581752941176
BIHAR,PURNEA,25.10397078947368,85.2711034736842
BIHAR,ROHTAS,24.906482535211268,84.0334326056338
BIHAR,SAHARSA,25.143519485714286,85.35796372857143
BIHAR,SAMASTIPUR,25.12766436144578,85.37524760240963
BIHAR,SARAN,25.926111885714285,84.74673051428572
BIHAR,SHEIKHPURA,25.01611650819672,85.33621503278688
BIHAR,SHEOHAR,25.115751420289854,85.37725726086957
BIHAR,SITAMARHI,25.004210616438357,85.28404105479451
BIHAR,SIWAN,25.183458144736843,85.27962390789473
BIHAR,SUPAUL,25.064384835820896,85.34121637313433
BIHAR,TOTAL,25.066495095238093,85.26656
BIHAR,TOTAL DISTRICT(S),25.32810542857143,85.10410257142858
BIHAR,VAISHALI,25.078745464788735,85.30209666197183
BIHAR,ZZ TOTAL,25.012079142857143,85.49146185714287
CHANDIGARH,CHANDIGARH,20.633070976190474,79.0752406547619
CHANDIGARH,TOTAL,20.52567134722222,79.03156923611111
CHANDIGARH,TOTAL DISTRICT(S),20.344854,79.34959016666666
CHANDIGARH,ZZ TOTAL,20.508907,78.80504233333333
CHHATTISGARH,BALOD,21.257675444444445,81.85003283333333
CHHATTISGARH,BALODA BAZAR,21.26208318181818,81.92546800000001
CHHATTISGARH,BALODBAZAR,21.320564,81.8898075
CHHATTISGARH,BALRAMPUR,21.265094188405797,81.87869644927535
CHHATTISGARH,BEMETARA,21.123368250000002,81.85076383333333
CHHATTISGARH,BEMETRA,21.300327,81.847168
CHHATTISGARH,BILASPUR,22.063033892857142,82.11903904761905
CHHATTISGARH,BIZAPUR,21.285064244897956,81.78466851020409
CHHATTISGARH,DANTEWARA,21.22545519117647,81.83662791176471
CHHATTISGARH,DHAMTARI,21.291331075,81.894476975
CHHATTISGARH,DURG,21.169474247058822,81.27774615294118
CHHATTISGARH,G. R. P. RAIPUR,21.17625275,81.70811950000001
CHHATTISGARH,GARIYABAND,21.254838826086957,81.88265065217391
CHHATTISGARH,GRP RAIPUR,21.228713520833335,81.6354813125
CHHATTISGARH,JAGDALPUR,21.31927847297297,81.82247358108108
CHHATTISGARH,JANJGIR,21.298026023809523,81.87057370238095
CHHATTISGARH,JASHPUR,21.27470135064935,81.84805053246752
CHHATTISGARH,KABIRDHAM,21.294716219178085,81.88731602739726
CHHATTISGARH,KANKER,21.33182241772152,81.85456437974683
CHHATTISGARH,KAWARDHA,21.0388958,81.87138580000001
CHHATTISGARH,KONDAGAON,21.21774707692308,81.93596707692308
CHHATTISGARH,KORBA,22.35680776190476,82.76424629761905
CHHATTISGARH,KORIYA,21.2805748375,81.8574533375
CHHATTISGARH,MAHASAMUND,21.305675891566263,81.79660580722891
CHHATTISGARH,MUNGALI,21.296380666666668,82.02470166666667
CHHATTISGARH,MUNGELI,21.219939916666664,81.71899091666667
CHHATTISGARH,NARAYANPUR,21.324906111111112,81.90385458333333
CHHATTISGARH,RAIGARH,21.27563467857143,81.92188321428571
CHHATTISGARH,RAIPUR,21.26819848235294,81.60465315294118
CHHATTISGARH,RAJNANDGAON,21.281254399999998,81.8402474235294
CHHATTISGARH,SARGUJA,21.28649096103896,81.83856227272727
CHHATTISGARH,SUKMA,21.199952857142858,81.88549857142857
CHHATTISGARH,SURAJPUR,21.275981847457626,81.81908891525423
CHHATTISGARH,TOTAL,21.270508053333334,81.90237004
CHHATTISGARH,TOTAL DISTRICT(S),21.315562833333335,81.97296666666666
CHHATTISGARH,ZZ TOTAL,21.206348285714284,81.79255685714286
D & N HAVELI,D AND N HAVELI,20.55076544,78.77706536
D & N HAVELI,TOTAL,20.41811218,79.07891874
D&N HAVELI,D&N HAVELI,20.7487348,78.8797611
D&N HAVELI,TOTAL DISTRICT(S),20.5977258,78.355667
D&N HAVELI,ZZ TOTAL,20.296485,78.4862946
DAMAN & DIU,DAMAN,20.72863746511628,78.99808004651163
DAMAN & DIU,DIU,20.620925,78.99007855555556
DAMAN & DIU,TOTAL,20.62285273170732,79.01393426829269
DAMAN & DIU,TOTAL DISTRICT(S),20.69055475,78.87952824999999
DAMAN & DIU,ZZ TOTAL,20.42506525,79.59141075
DELHI,CAW,28.437256333333334,77.41778144444444
DELHI,CENTRAL,28.652070383561643,77.22555960273972
DELHI,CRIME BRANCH,28.573241,77.32078325
DELHI,DELHI UT TOTAL,28.60283906849315,77.21904012328767
DELHI,EAST,17.365670819444446,81.9195145
DELHI,EOW,28.667122000000003,77.48626300000001
DELHI,G.R.P.(RLY),28.66264082352941,77.24603558823529
DELHI,GRP(RLY),28.585852464285715,77.26648049999999
DELHI,I.G.I. AIRPORT,28.485530666666666,77.17224091666667
DELHI,IGI AIRPORT,28.613825266666666,77.19477393333334
DELHI,NEW DELHI,28.594177651515153,77.22665060606062
DELHI,NORTH,28.706874000000003,77.10391419444444
DELHI,NORTH EAST,28.718253083333334,77.1505435
DELHI,NORTH WEST,28.692579249999998,77.18526345833334
DELHI,NORTH-EAST,28.601968395833335,77.21379702083333
DELHI,NORTH-WEST,28.733542276595742,77.1995250212766
DELHI,OUTER,28.600967333333333,77.27928383333334
DELHI,S.T.F.,28.732661,76.7628535
DELHI,SOUTH,28.509734416666667,77.18327570833334
DELHI,SOUTH WEST,28.543752041666664,77.20687595833333
DELHI,SOUTH-EAST,28.614833400000002,77.2681008
DELHI,SOUTH-WEST,28.587454249999997,77.23006135416666
DELHI,WEST,28.65309738888889,77.06070741666666
DELHI UT,CAW,20.515638000000003,79.01797350000001
DELHI UT,CENTRAL,28.558111083333333,77.23761691666667
DELHI UT,CRIME BRANCH,20.716083750000003,79.15543025
DELHI UT,EAST,17.4653475,81.96212558333333
DELHI UT,EOW,20.124569,79.568696
DELHI UT,GRP(RLY),20.4544095,78.75683575
DELHI UT,IGI AIRPORT,20.2122494,78.7402112
DELHI UT,METRO,20.65020375,79.112187
DELHI UT,METRO RAIL,20.3289436,78.37435239999999
DELHI UT,NEW DELHI,28.594518500000003,77.19846725000001
DELHI UT,NORTH,28.741663333333335,77.08429883333334
DELHI UT,NORTH-EAST,20.6568365,79.0506985
DELHI UT,NORTH-WEST,20.711182583333333,78.96531391666666
DELHI UT,OUTER,20.544386666666664,78.91578025
DELHI UT,RAILWAY,20.72797475,78.914249
DELHI UT,SOUTH,28.5369905,77.19174566666668
DELHI UT,SOUTH-EAST,20.683903083333334,78.758709
DELHI UT,SOUTH-WEST,20.4560085,78.89498191666667
DELHI UT,SPUWAC,20.187735,79.801863
DELHI UT,TOTAL DISTRICT(S),20.486649333333332,78.52319283333334
DELHI UT,WEST,28.596049750000002,77.10888341666667
DELHI UT,ZZ TOTAL,20.404601166666666,78.77011516666666
GOA,C. I. D.,20.756246333333333,78.98000066666667
GOA,NORTH GOA,20.63527458974359,78.88994625641025
GOA,SOUTH GOA,20.540862360000002,78.94352685333334
GOA,TOTAL,20.629378657142855,79.02049427142857
GOA,TOTAL DISTRICT(S),20.343863,79.012847
GOA,ZZ TOTAL,20.7480902,79.2753852
GUJARAT,AHMEDABAD CITY,23.01222316666667,72.56554616666666
GUJARAT,AHMEDABAD COMMR.,23.027661564102566,72.58478611538462
GUJARAT,AHMEDABAD RURAL,23.02429504761905,72.55652650793651
GUJARAT,AHWA-DANG,22.351736113636363,71.24845129545454
GUJARAT,AMRELI,22.283483958333335,71.137207
GUJARAT,ANAND,22.564551971830987,72.9061833943662
GUJARAT,ARVALLI,22.3114492,71.25132640000001
GUJARAT,BANASKANTHA,22.506766199999998,71.1186284
GUJARAT,BHARUCH,22.28913865079365,71.17483934920635
GUJARAT,BHAVNAGAR,21.76848981818182,72.14327210389611
GUJARAT,BOTAD,22.202673,71.077436
GUJARAT,CHHOTAUDEPUR,22.4211805,70.9418615
GUJARAT,CID CRIME,21.990947333333335,71.04511133333334
GUJARAT,DAHOD,22.207284327272728,71.19953534545455
GUJARAT,DANG,22.428886833333333,71.222475
GUJARAT,DEVBHUMI DWARKA,22.3118245,71.27010200000001
GUJARAT,GANDHINAGAR,23.22912096103896,72.63586014285714
GUJARAT,GIR SOMNATH,22.068575166666665,71.26965116666666
GUJARAT,HIMATNAGAR,22.264557,71.23412576666666
GUJARAT,JAMNAGAR,22.488321202702704,70.04860640540541
GUJARAT,JUNAGADH,22.17998302469136,71.18071880246913
GUJARAT,KACHCHH EAST(G),22.025302599999996,71.3027858
GUJARAT,KACHCHH WEST(B),22.463762,71.0864484
GUJARAT,KHEDA,22.138810499999998,71.363452
GUJARAT,KHEDA NORTH,22.306490018867926,71.20661732075472
GUJARAT,KUTCH,22.249697290909094,71.23476916363636
GUJARAT,KUTCH (EAST(G)),22.235666466666665,71.19877419999999
GUJARAT,KUTCH (WEST-BHUJ),22.21842433333333,71.11048783333334
GUJARAT,MAHISAGAR,23.90027675,78.78744975000001
GUJARAT,MEHSANA,22.230248,71.16460626086956
GUJARAT,MORBI,22.24235,70.91944683333334
GUJARAT,NARMADA,22.401626762711867,71.20765181355932
GUJARAT,NAVSARI,22.30369570967742,71.2222456451613
GUJARAT,PALANPUR,22.287345411764704,71.23855407352941
GUJARAT,PANCHMAHAL,22.29350475,71.16375478125
GUJARAT,PATAN,22.304418590163934,71.12668562295082
GUJARAT,PORBANDAR,22.219572641791043,71.23871110447762
GUJARAT,RAJKOT CITY,22.245954,70.8231
GUJARAT,RAJKOT COMMR.,22.31917052702703,70.8088730945946
GUJARAT,RAJKOT RURAL,22.291940166666667,70.78858948809524
GUJARAT,SABARKANTHA,22.4597692,71.0838962
GUJARAT,SURAT CITY,21.243317,72.82611779999999
GUJARAT,SURAT COMMR.,21.178759066666668,72.83147546666667
GUJARAT,SURAT RURAL,21.155247609375,72.81173715625
GUJARAT,SURENDRANAGAR,22.21306675,71.16051493055555
GUJARAT,TAPI,22.26106132142857,71.23266910714285
GUJARAT,TOTAL,22.228653416666667,71.18864277777777
GUJARAT,TOTAL DISTRICT(S),22.264628666666667,71.35813116666667
GUJARAT,VADODARA CITY,22.37143,73.18382216666667
GUJARAT,VADODARA COMMR.,22.2848219375,73.18744690625
GUJARAT,VADODARA RURAL,22.28149251724138,73.1612258448276
GUJARAT,VALSAD,22.241821701754386,71.28541484210527
GUJARAT,W.RLY,22.328961488372094,71.17952139534883
GUJARAT,W.RLY AHMEDABAD,23.001073636363635,72.530017
GUJARAT,W.RLY VADODARA,22.32571218181818,73.1542409090909
GUJARAT,ZZ TOTAL,22.113221,71.06178283333334
HARYANA,AMBALA,30.399860921875,76.82448221875
HARYANA,AMBALA (RURAL),30.367038,76.7752128
HARYANA,AMBALA (URBAN),30.449064000000003,76.81892266666667
HARYANA,AMBALA RURAL,30.338598545454545,76.78114099999999
HARYANA,AMBALA URBAN,30.4079665,76.80302441666667
HARYANA,BHIWANI,29.104569625,76.0580883875
HARYANA,FARIDABAD,28.407877156626505,77.31671601204819
HARYANA,FATEHABAD,29.06370630120482,76.08741780722892
HARYANA,G. R. P.,29.249470600000002,76.0217212
HARYANA,GRP,29.032085360655735,76.0398968032787
HARYANA,GURGAON,28.452053083333332,77.02804508333332
HARYANA,HISSAR,29.028110950617286,76.09463269135803
HARYANA,JHAJJAR,29.044561273809524,76.08021763095238
HARYANA,JIND,29.07560524390244,76.10949748780487
HARYANA,KAITHAL,28.983798774647887,76.08505123943662
HARYANA,KARNAL,29.06396859259259,76.05022922222223
HARYANA,KURUKSHETRA,29.044327488095238,76.15397585714285
HARYANA,MAHENDERGARH,29.33288966666667,76.08770983333334
HARYANA,MAHENDRAGARH,29.086659136363636,76.04043101515151
HARYANA,MEWAT,28.992315833333333,76.11560060000001
HARYANA,PALWAL,29.076488104166668,76.07447258333333
HARYANA,PANCHKULA,29.080140935897436,76.09597812820513
HARYANA,PANIPAT,29.384901493975907,76.95086713253012
HARYANA,REWARI,24.55434588607595,81.30479064556962
HARYANA,ROHTAK,28.880172493975905,76.59279289156626
HARYANA,SIRSA,29.062002986486487,76.02782102702703
HARYANA,SONIPAT,29.020919083333336,76.0477720952381
HARYANA,TOTAL,29.070412249999997,76.14636631944444
HARYANA,TOTAL DISTRICT(S),29.052673499999997,75.95861566666666
HARYANA,YAMUNANAGAR,29.038087779220778,76.07396723376624
HARYANA,ZZ TOTAL,29.228285571428568,75.9800352857143
HIMACHAL PRADESH,BADDI,20.761658999999998,78.7530158
HIMACHAL PRADESH,BADDIPOLICEDIST,20.591559652173913,79.03872582608696
HIMACHAL PRADESH,BILASPUR,22.090362385714286,82.1143541
HIMACHAL PRADESH,C. I. D.,20.374974,79.054158
HIMACHAL PRADESH,CHAMBA,20.545864728571427,79.03080027142857
HIMACHAL PRADESH,CID,20.536305,80.023567
HIMACHAL PRADESH,G.R.P.,19.6691,79.915345
HIMACHAL PRADESH,HAMIRPUR,20.587054291666664,78.80169038888889
HIMACHAL PRADESH,KANGRA,32.11723295890411,76.29193735616438
HIMACHAL PRADESH,KINNAUR,20.538864852459017,78.93306836065574
HIMACHAL PRADESH,KULLU,20.652557430769228,78.99903827692307
HIMACHAL PRADESH,LAHAUL & SPITI,19.939444,79.188831
HIMACHAL PRADESH,LAHAUL-SPITI,20.60279796153846,78.87086684615385
HIMACHAL PRADESH,MANDI,31.700605743243244,76.92459031081081
HIMACHAL PRADESH,SHIMLA,31.09272692857143,77.16944241428571
HIMACHAL PRADESH,SIRMAUR,20.512908214285716,78.90856939999999
HIMACHAL PRADESH,SOLAN,30.886444171428575,77.09102565714286
HIMACHAL PRADESH,TOTAL,20.59332225,78.89598322222223
HIMACHAL PRADESH,TOTAL DISTRICT(S),20.3448305,79.02744266666666
HIMACHAL PRADESH,UNA,20.652550728571427,79.00060915714286
HIMACHAL PRADESH,ZZ TOTAL,20.2901656,79.20037540000001
JAMMU & KASHMIR,ANANTNAG,20.541919161290323,78.88671880645161
JAMMU & KASHMIR,AWANTIPORA,20.608586966101697,79.07631859322034
JAMMU & KASHMIR,BANDIPORA,20.673114548387094,78.99860367741935
JAMMU & KASHMIR,BARAMULLA,20.62459287878788,79.06129757575758
JAMMU & KASHMIR,BORDER,20.532257782608696,79.0130553478261
JAMMU & KASHMIR,BORDER DISTRICT,20.773716583333336,79.05376791666667
JAMMU & KASHMIR,BUDGAM,20.62711292063492,78.87737214285714
JAMMU & KASHMIR,CRIME SRINAGAR,21.09432,78.419498
JAMMU & KASHMIR,DODA,22.292853927536232,73.20289614492754
JAMMU & KASHMIR,GANDERBAL,20.557484838709676,78.95843867741937
JAMMU & KASHMIR,HANDWARA,20.672167566666666,79.01331311666667
JAMMU & KASHMIR,JAMMU,20.46570092857143,78.98351714285714
JAMMU & KASHMIR,KARGIL,20.650173264705884,79.12590285294118
JAMMU & KASHMIR,KATHUA,20.5795426375,78.98606008750001
JAMMU & KASHMIR,KISHTWAR,20.547600939393938,78.79392875757576
JAMMU & KASHMIR,KULGAM,20.623979806451615,78.80238508064517
JAMMU & KASHMIR,KUPWARA,20.507458276923078,78.95910612307692
JAMMU & KASHMIR,LEH,20.54204553488372,79.03924776744185
JAMMU & KASHMIR,POONCH,20.542100205882353,78.97699427941177
JAMMU & KASHMIR,PULWAMA,20.57138562903226,79.01325985483872
JAMMU & KASHMIR,RAILWAYS,20.782837444444443,79.06750433333333
JAMMU & KASHMIR,RAILWAYS JAMMU,20.408707500000002,78.8953415
JAMMU & KASHMIR,RAILWAYS KASHMIR,20.58276675,79.06676475
JAMMU & KASHMIR,RAILWAYS KATRA,20.506018,78.73774
JAMMU & KASHMIR,RAILWAYS KMR,19.779857,79.026628
JAMMU & KASHMIR,RAJOURI,20.62205612345679,78.95127628395062
JAMMU & KASHMIR,RAMBAN,20.54811571186441,79.01196745762712
JAMMU & KASHMIR,REASI,20.704868863636364,78.92762278787879
JAMMU & KASHMIR,SAMBA,21.505195666666665,83.98542076923077
JAMMU & KASHMIR,SHOPIAN,20.608460451612903,79.10536170967741
JAMMU & KASHMIR,SOPORE,20.707224875,79.09163854166667
JAMMU & KASHMIR,SRINAGAR,20.653338885714284,78.8910274
JAMMU & KASHMIR,TOTAL,20.47658140277778,79.01300863888889
JAMMU & KASHMIR,TOTAL DISTRICT(S),20.53632,78.9368995
JAMMU & KASHMIR,UDHAMPUR,20.63895197260274,78.9659519589041
JAMMU & KASHMIR,ZZ TOTAL,20.551732333333334,78.57149216666666
JHARKHAND,BOKARO,23.68296564285714,86.1518025142857
JHARKHAND,CHAIBASA,23.666353140625,85.263606390625
JHARKHAND,CHATRA,23.61761416666667,85.26589257575756
JHARKHAND,DEOGHAR,23.62535735897436,85.28683592307692
JHARKHAND,DHANBAD,23.787813303797467,86.41827807594936
JHARKHAND,DHANBAD RAILWAY,23.79985333333333,86.44052266666667
JHARKHAND,DHANBAD RLY.,23.785959775000002,86.43512425
JHARKHAND,DUMKA,23.64110734722222,85.28370133333334
JHARKHAND,GARHWA,23.609810579710143,85.19366191304348
JHARKHAND,GIRIDIH,23.59017798630137,85.30887517808219
JHARKHAND,GODDA,23.565184775862072,85.25230670689655
JHARKHAND,GUMLA,23.61542007246377,85.22904942028985
JHARKHAND,HAZARIBAGH,23.581862457142858,85.22940382857142
JHARKHAND,JAMSHEDPUR,22.800331848101266,86.20023591139241
JHARKHAND,JAMSHEDPUR RAILWAY,22.838320500000002,86.3294935
JHARKHAND,JAMSHEDPUR RLY.,22.80994014285714,86.2033558
JHARKHAND,JAMTARA,23.618700514285717,85.30803781428571
JHARKHAND,KHUNTI,23.628894000000003,85.30291305128205
JHARKHAND,KODERMA,23.606372500000003,85.23343238571428
JHARKHAND,LATEHAR,23.654909246153846,85.32057663076924
JHARKHAND,LOHARDAGGA,23.62478835483871,85.25267979032257
JHARKHAND,PAKUR,23.588903313432834,85.27320646268657
JHARKHAND,PALAMU,23.63762245945946,85.23538193243243
JHARKHAND,RAMGARH,23.606057644444444,85.31857888888888
JHARKHAND,RANCHI,23.355803402439022,85.30584025609755
JHARKHAND,SAHEBGANJ,23.668868216216215,85.29927002702702
JHARKHAND,SARAIKELA,23.609912028571426,85.28322722857143
JHARKHAND,SIMDEGA,23.583676542372885,85.30321657627118
JHARKHAND,TOTAL,23.616781109756097,85.2729423902439
JHARKHAND,TOTAL DISTRICT(S),23.558877714285718,85.18439871428572
JHARKHAND,ZZ TOTAL,23.749319571428572,85.15307114285714
KARNATAKA,BAGALKOT,15.335835714285714,75.67520076623376
KARNATAKA,BALLARI,15.386101,75.8327172
KARNATAKA,BANGALORE COMMR.,12.973347961538462,77.61461105128205
KARNATAKA,BANGALORE RURAL,12.95708923076923,77.60095336923078
KARNATAKA,BELAGAVI CITY,15.071608333333332,75.61810416666667
KARNATAKA,BELAGAVI DISTRICT,15.233207,75.29094450000001
KARNATAKA,BELGAUM,15.842483067567565,74.50021424324325
KARNATAKA,BELLARY,15.1154885,76.94456163235293
KARNATAKA,BENGALURU CITY,15.190959999999999,75.866533
KARNATAKA,BENGALURU DISTRICT,15.277261999999999,75.4979846
KARNATAKA,BIDAR,15.365536421686748,75.74397526506024
KARNATAKA,BIJAPUR,15.334942615384614,75.65608427692308
KARNATAKA,CBPURA,15.27637059375,75.78208659375
KARNATAKA,CHAMARAJNAGAR,15.29425526388889,75.69218580555555
KARNATAKA,CHICKMAGALUR,15.286104810126583,75.73943688607595
KARNATAKA,CHIKKABALLAPURA,15.330952166666668,75.46324299999999
KARNATAKA,CHIKKAMAGALURU,15.331883166666666,75.75814283333334
KARNATAKA,CHITRADURGA,21.16619765277778,81.28077320833333
KARNATAKA,DAKSHIN KANNADA,15.326218712328766,75.72591326027397
KARNATAKA,DAKSHINA KANNADA,15.073551666666667,75.75948983333333
KARNATAKA,DAVANAGERE,15.286888999999999,75.7145739
KARNATAKA,DHARWAD,15.4348474,75.6070318
KARNATAKA,DHARWAD COMMR.,15.311317121621624,75.67548608108108
KARNATAKA,DHARWAD RURAL,15.368002071428572,75.77558383928572
KARNATAKA,GADAG,15.347938529411765,75.73722238235294
KARNATAKA,GULBARGA,17.36669865671642,76.82746656716418
KARNATAKA,HASSAN,15.385886138888887,75.77802419444444
KARNATAKA,HAVERI,15.276932693548387,75.66487043548388
KARNATAKA,HUBBALLI DHARWAD CITY,15.186144,75.77918233333334
KARNATAKA,K.G.F.,15.342038536231883,75.75405024637682
KARNATAKA,K.RAILWAYS,15.243827249999999,75.985511
KARNATAKA,KALABURGI,15.384837333333332,75.68379666666667
KARNATAKA,KODAGU,15.348740243589745,75.76021739743591
KARNATAKA,KOLAR,15.288654319444444,75.72345184722222
KARNATAKA,KOPPAL,15.35480956060606,75.69894183333334
KARNATAKA,MANDYA,15.32727997260274,75.7691584520548
KARNATAKA,MANGALORE CITY,12.937540055555555,74.89205361111111
KARNATAKA,MANGALURU CITY,15.147171166666666,75.882944
KARNATAKA,MYSORE COMMR.,12.299453695652174,76.64468143478261
KARNATAKA,MYSORE RURAL,12.302823727272727,76.62500171212122
KARNATAKA,MYSURU CITY,15.280685666666665,75.65989549999999
KARNATAKA,MYSURU DISTRICT,15.309706,75.55518116666667
KARNATAKA,RAICHUR,15.361124607594936,75.71214362025316
KARNATAKA,RAILWAYS,15.28272327586207,75.66962744827586
KARNATAKA,RAMANAGAR,15.295730266666668,75.70949983333334
KARNATAKA,RAMANAGARA,15.4130638,75.907836
KARNATAKA,SHIMOGA,13.914419219512194,75.58891385365854
KARNATAKA,TOTAL,15.278649328947369,75.69311136842106
KARNATAKA,TOTAL DISTRICT(S),15.087631666666667,75.82240216666666
KARNATAKA,TUMAKURU,15.138114833333333,75.765328
KARNATAKA,TUMKUR,15.315872681818181,75.67185857575758
KARNATAKA,UDUPI,15.33616171830986,75.65092304225352
KARNATAKA,UTTAR KANNADA,15.283781126760562,75.71864425352113
KARNATAKA,UTTARA KANNADA,15.1845934,75.5684158
KARNATAKA,VIJAYAPURA,15.359615600000001,75.678009
KARNATAKA,YADGIRI,15.360045083333333,75.90281920833333
KARNATAKA,ZZ TOTAL,15.293260666666667,75.82558216666666
KERALA,ALAPUZHA,10.890996049382716,76.3077967654321
KERALA,CBCID,10.8560534,76.40628960000001
KERALA,CRIME BRANCH,10.95947175,76.11966975
KERALA,ERNAKULAM,9.99760825,76.26240775000001
KERALA,ERNAKULAM COMMR.,9.995860015151516,76.29425686363636
KERALA,ERNAKULAM RURAL,9.955554044776118,76.2878643880597
KERALA,IDUKKI,10.86402673611111,76.29806956944444
KERALA,KANNUR,11.876613780821918,75.36991632876712
KERALA,KASARGOD,10.813794442857143,76.20730367142858
KERALA,KOLLAM,8.857652982758621,76.61143313793103
KERALA,KOLLAM COMMR.,8.887884708333333,76.599961875
KERALA,KOLLAM RURAL,8.86679452173913,76.61366639130435
KERALA,KOTTAYAM,10.852549051948053,76.25297992207793
KERALA,KOZHIKODE,11.257399272727271,75.76166936363637
KERALA,KOZHIKODE COMMR.,11.279356632352942,75.77743938235294
KERALA,KOZHIKODE RURAL,11.26152272463768,75.78048008695652
KERALA,MALAPPURAM,11.058642116883117,76.07695181818183
KERALA,PALAKKAD,10.800085329268292,76.62988003658536
KERALA,PATHANAMTHITTA,10.781517375,76.24687230555556
KERALA,RAILWAYS,10.844686214285714,76.12812957142856
KERALA,THRISSUR,10.549899745762712,76.22780218644068
KERALA,THRISSUR COMMR.,10.52878385,76.2459444
KERALA,THRISSUR RURAL,10.52637625,76.22003687499999
KERALA,TOTAL,10.915302791666667,76.24428923611111
KERALA,TOTAL DISTRICT(S),10.947648666666666,76.174673
KERALA,TRIVANDRUM,10.856447666666668,76.37647791666667
KERALA,TRIVANDRUM COMMR.,10.870890544117646,76.36768764705883
KERALA,TRIVANDRUM RURAL,10.916169708333333,76.24188265277778
KERALA,WAYANADU,10.85403646835443,76.32150962025317
KERALA,ZZ TOTAL,10.907069833333333,76.05723499999999
LAKSHADWEEP,LAKSHADWEEP,20.613915666666667,78.95627547619048
LAKSHADWEEP,TOTAL,20.5642350625,78.7124245625
LAKSHADWEEP,TOTAL DISTRICT(S),20.48999866666667,78.98253233333332
LAKSHADWEEP,ZZ TOTAL,21.291078499999998,79.031484
MADHYA PRADESH,AGAR,18.478644083333332,79.1048125
MADHYA PRADESH,ALIRAJPUR,22.974393636363637,78.67515387878787
MADHYA PRADESH,ANUPPUR,22.978009070422537,78.62695145070423
MADHYA PRADESH,ASHOK NAGAR,22.935821333333333,78.61853216666667
MADHYA PRADESH,BALAGHAT,22.999037952380952,78.63307172619048
MADHYA PRADESH,BARWANI,23.00041938095238,78.62059649999999
MADHYA PRADESH,BETUL,23.00655030952381,78.6392271547619
MADHYA PRADESH,BHIND,22.96766391358025,78.63028272839506
MADHYA PRADESH,BHOPAL,23.24609869767442,77.40446934883721
MADHYA PRADESH,BHOPAL RAILWAY,23.1809314,77.47055040000001
MADHYA PRADESH,BHOPAL RLY.,23.257342590163933,77.41892575409837
MADHYA PRADESH,BURHANPUR,22.988268279411763,78.6920895
MADHYA PRADESH,CHHATARPUR,22.95771012345679,78.59207529629629
MADHYA PRADESH,CHHINDWARA,22.95204732142857,78.61800370238095
MADHYA PRADESH,DAMOH,22.915436842857144,78.60434112857143
MADHYA PRADESH,DATIA,22.9537574,78.5782704
MADHYA PRADESH,DATIYA,22.954691138461538,78.64035852307691
MADHYA PRADESH,DEWAS,23.004925976190478,78.62512997619048
MADHYA PRADESH,DHAR,31.32157875,75.55641111904762
MADHYA PRADESH,DINDORI,22.92346059493671,78.66193170886075
MADHYA PRADESH,GUNA,22.92608115116279,78.68650005813953
MADHYA PRADESH,GWALIOR,26.196930678571427,78.19965357142857
MADHYA PRADESH,HARDA,22.9520087625,78.632467475
MADHYA PRADESH,HOSHANGABAD,22.987845488095235,78.61401441666666
MADHYA PRADESH,INDORE,22.69359513953488,75.8669978255814
MADHYA PRADESH,INDORE RAILWAY,22.804295333333332,76.026656
MADHYA PRADESH,INDORE RLY.,22.706658463414634,75.88472631707317
MADHYA PRADESH,JABALPUR,23.20104280232558,79.99223795348837
MADHYA PRADESH,JABALPUR RAILWAY,23.235594,79.987233
MADHYA PRADESH,JABALPUR RLY.,23.191069177777777,79.98939186666667
MADHYA PRADESH,JHABUA,22.95279334285714,78.62825888571429
MADHYA PRADESH,KATNI,22.997151357142858,78.6472554642857
MADHYA PRADESH,KHANDWA,22.96212809411765,78.62755764705882
MADHYA PRADESH,KHARGON,22.955966371794872,78.71251953846154
MADHYA PRADESH,KHARGONE,22.9606812,78.6303402
MADHYA PRADESH,MANDLA,22.940003590361446,78.64802497590362
MADHYA PRADESH,MANDSAUR,22.986837701149426,78.71488357471264
MADHYA PRADESH,MORENA,26.477726722891568,77.97191154216868
MADHYA PRADESH,NARSINGHPUR,22.959270095238097,78.6406594642857
MADHYA PRADESH,NEEMUCH,23.02786958333333,78.67818601190477
MADHYA PRADESH,PANNA,22.927560545454547,78.64360701298702
MADHYA PRADESH,RAISEN,23.033064772151896,78.65902220253165
MADHYA PRADESH,RAJGARH,22.98421319047619,78.66200245238095
MADHYA PRADESH,RATLAM,23.32318549411765,75.03336051764705
MADHYA PRADESH,REWA,24.529877965116277,81.31505824418605
MADHYA PRADESH,SAGAR,23.864779807228917,78.73003961445784
MADHYA PRADESH,SATNA,24.579458499999998,80.86371133333334
MADHYA PRADESH,SEHORE,23.102458833333333,78.46529483333335
MADHYA PRADESH,SEONI,22.99911523809524,78.66048261904761
MADHYA PRADESH,SHAHDOL,22.974280843373492,78.70841080722892
MADHYA PRADESH,SHAJAPUR,22.97262838554217,78.69444227710844
MADHYA PRADESH,SHEOPUR,22.961373135135133,78.71682164864865
MADHYA PRADESH,SHIVPURI,22.986131112499997,78.6501571625
MADHYA PRADESH,SIDHI,22.984715452380954,78.61029208333333
MADHYA PRADESH,SIHORE,23.01836759493671,78.68935744303798
MADHYA PRADESH,SINGRAULI,23.019889857142857,78.65859388095238
MADHYA PRADESH,TIKAMGARH,22.981188047058826,78.62316175294117
MADHYA PRADESH,TOTAL,23.02597638961039,78.68670235064936
MADHYA PRADESH,TOTAL DISTRICT(S),22.954819166666667,78.8487095
MADHYA PRADESH,UJJAIN,23.16956811764706,75.76825638823529
MADHYA PRADESH,UMARIA,22.844328666666666,78.71242266666667
MADHYA PRADESH,UMARIYA,22.96920101388889,78.65322630555555
MADHYA PRADESH,VIDISHA,22.98684636904762,78.63647503571428
MADHYA PRADESH,ZZ TOTAL,22.961927142857142,78.83860971428571
MAHARASHTRA,AHMEDNAGAR,19.103898438356165,74.73445354794521
MAHARASHTRA,AKOLA,19.738029702380953,75.7442865952381
MAHARASHTRA,AMRAVATI COMMR.,20.949042493975902,77.77738254216868
MAHARASHTRA,AMRAVATI RURAL,20.918863511904764,77.79737064285715
MAHARASHTRA,AURANGABAD COMMR.,19.840624035714285,75.34008467857143
MAHARASHTRA,AURANGABAD RURAL,19.889481904761904,75.326644
MAHARASHTRA,BEED,19.693508666666666,75.67096161904763
MAHARASHTRA,BHANDARA,19.789243402439027,75.69749584146341
MAHARASHTRA,BULDHANA,19.782009857142857,75.72003941666667
MAHARASHTRA,CHANDRAPUR,19.790930857142857,75.7136335952381
MAHARASHTRA,DHULE,19.777383154761907,75.71125054761904
MAHARASHTRA,GADCHIROLI,19.75174972368421,75.6690737236842
MAHARASHTRA,GONDIA,19.728037843373492,75.73172524096385
MAHARASHTRA,HINGOLI,19.761645207317073,75.69373384146341
MAHARASHTRA,JALGAON,19.721018642857143,75.65935730952381
MAHARASHTRA,JALNA,19.79623726190476,75.64369875
MAHARASHTRA,KOLHAPUR,16.74931689285714,74.23511020238095
MAHARASHTRA,LATUR,19.77810258974359,75.72568807692308
MAHARASHTRA,MUMBAI,19.0873384,72.8931622
MAHARASHTRA,MUMBAI COMMR.,19.07215921818182,72.86898778181818
MAHARASHTRA,MUMBAI RAILWAY,19.06708825,72.93677425
MAHARASHTRA,MUMBAI RLY.,19.038979604166666,72.86864339583333
MAHARASHTRA,NAGPUR COMMR.,21.150914130952383,79.09239846428571
MAHARASHTRA,NAGPUR RAILWAY,21.054480333333334,79.04687
MAHARASHTRA,NAGPUR RLY.,21.136674040816327,79.06726675510204
MAHARASHTRA,NAGPUR RURAL,21.167058785714286,79.09261575
MAHARASHTRA,NANDED,19.774933192771083,75.7160544939759
MAHARASHTRA,NANDURBAR,19.7666974375,75.752647025
MAHARASHTRA,NASIK COMMR.,19.81159644047619,75.69375098809523
MAHARASHTRA,NASIK RURAL,19.70387913095238,75.70426204761904
MAHARASHTRA,NAVI MUMBAI,19.059835309523812,72.86061740476191
MAHARASHTRA,OSMANABAD,19.67463934939759,75.70301922891566
MAHARASHTRA,PALGHAR,19.7856955,75.81582916666666
MAHARASHTRA,PARBHANI,19.790403666666666,75.71550375
MAHARASHTRA,PUNE COMMR.,18.529487523809525,73.8569035
MAHARASHTRA,PUNE RAILWAY,18.48807975,73.86760425
MAHARASHTRA,PUNE RLY.,18.505492428571426,73.87780982142856
MAHARASHTRA,PUNE RURAL,18.506305773809522,73.85624005952381
MAHARASHTRA,RAIGAD,19.788894792682925,75.76195562195122
MAHARASHTRA,RATNAGIRI,19.78918835526316,75.68244734210526
MAHARASHTRA,SANGLI,19.691022238095236,75.73771272619048
MAHARASHTRA,SATARA,19.82037568292683,75.67009541463415
MAHARASHTRA,SINDHUDURG,21.185992826666666,81.28454966666666
MAHARASHTRA,SOLAPUR COMMR.,17.685445275,75.8994050625
MAHARASHTRA,SOLAPUR RURAL,17.681030075000002,75.87075505
MAHARASHTRA,THANE COMMR.,19.210594845238095,72.9629623452381
MAHARASHTRA,THANE RURAL,19.203682759036145,72.96124183132531
MAHARASHTRA,TOTAL,19.728038783783784,75.74418595945946
MAHARASHTRA,TOTAL DISTRICT(S),19.700361285714287,75.74809742857143
MAHARASHTRA,WARDHA,19.79008281707317,75.75296613414635
MAHARASHTRA,WASHIM,19.712871321428572,75.68610560714285
MAHARASHTRA,YAVATMAL,19.667738261904763,75.680193
MAHARASHTRA,ZZ TOTAL,19.690858666666667,75.68228933333333
MANIPUR,BISHNUPUR,20.583093923076923,78.97318767307692
MANIPUR,CHANDEL,20.707627916666667,79.063628
MANIPUR,CHURACHANDPUR,20.711821296296293,78.96313411111112
MANIPUR,IMPHAL EAST,20.64719161111111,79.01356125000001
MANIPUR,IMPHAL WEST,20.652391333333334,78.921289
MANIPUR,IMPHAL(EAST),20.519364,79.04673805882352
MANIPUR,IMPHAL(WEST),20.574788947368422,78.80040284210527
MANIPUR,SENAPATI,20.530373411764707,78.93435035294117
MANIPUR,TAMENGLONG,20.76836,78.97315514285715
MANIPUR,THOUBAL,20.548619105263157,78.99656724561403
MANIPUR,TOTAL,20.528980673076923,78.9548403846154
MANIPUR,TOTAL DISTRICT(S),20.4261628,78.9232304
MANIPUR,UKHRUL,20.68813794117647,79.12102017647058
MANIPUR,ZZ TOTAL,20.5327715,79.37250625
MEGHALAYA,GARO HILLS EAST,20.692147031250002,78.95987521875
MEGHALAYA,GARO HILLS NORTH,20.937699714285714,78.78938771428571
MEGHALAYA,GARO HILLS SOUTH,20.394149281249998,79.019701625
MEGHALAYA,GARO HILLS SOUTH W.,20.841104666666666,79.092438
MEGHALAYA,GARO HILLS SOUTH WEST,20.9717456,79.3712448
MEGHALAYA,GARO HILLS WEST,20.548563056603776,79.12023705660378
MEGHALAYA,JAINTIA HILLS,20.724739666666668,79.06884830303031
MEGHALAYA,JAINTIA HILLS EAST,20.9873094,78.3433688
MEGHALAYA,JAINTIA HILLS WEST,20.519872,79.212019375
MEGHALAYA,KHASI HILLS EAST,20.60214432307692,78.89151059999999
MEGHALAYA,KHASI HILLS SOUTH W.,20.17383425,79.4180335
MEGHALAYA,KHASI HILLS SOUTH WEST,21.206250666666666,79.26764033333333
MEGHALAYA,KHASI HILLS WEST,20.572304580645163,78.88503887096775
MEGHALAYA,RI-BHOI,20.698514956521738,78.9574692173913
MEGHALAYA,TOTAL,20.491891049180325,79.01926975409836
MEGHALAYA,TOTAL DISTRICT(S),20.438956,78.97148916666667
MEGHALAYA,ZZ TOTAL,20.659189599999998,79.100913
MIZORAM,AIZAWL,20.63924418181818,79.00074722727273
MIZORAM,CHAMPHAI,20.6603426,78.9930552
MIZORAM,KOLASIB,20.654683588235294,78.86025773529411
MIZORAM,LAWNGTLAI,20.631842925925927,78.90849807407409
MIZORAM,LUNGLEI,20.683295172413793,78.96605572413793
MIZORAM,MAMIT,20.612882777777777,79.13324874074075
MIZORAM,SAIHA,20.680049161290324,78.88382600000001
MIZORAM,SERCHHIP,20.588572199999998,79.12732836666667
MIZORAM,TOTAL,20.805308955555557,78.98055242222222
MIZORAM,TOTAL DISTRICT(S),20.7949768,78.9640822
MIZORAM,ZZ TOTAL,21.02090975,79.58795725
NAGALAND,DIMAPUR,20.6049926,79.07433334000001
NAGALAND,KIPHIRE,20.6987356,79.0432644
NAGALAND,KOHIMA,20.647007440000003,78.96036276
NAGALAND,LONGLENG,21.44959833333333,78.82343533333334
NAGALAND,MOKOKCHUNG,20.57175022222222,78.97240166666667
NAGALAND,MON,20.4693746875,79.087312625
NAGALAND,PEREN,20.264075454545456,79.03001290909091
NAGALAND,PHEK,20.537238227272727,78.72245363636364
NAGALAND,TOTAL,20.566694446808512,78.88998763829788
NAGALAND,TOTAL DISTRICT(S),20.6024874,79.18279340000001
NAGALAND,TUENSANG,20.5769645,79.02106392857142
NAGALAND,WOKHA,20.5723168,78.7136416
NAGALAND,ZUNHEBOTO,20.508863357142854,78.45503121428571
NAGALAND,ZZ TOTAL,20.656238333333334,79.4070825
ODISHA,ANGUL,20.939868721518987,85.17218592405064
ODISHA,BALASORE,21.495782833333333,86.92520641666667
ODISHA,BARAGARH,21.023946891566265,85.08653945783132
ODISHA,BERHAMPUR,19.30551906097561,84.80062168292683
ODISHA,BHADRAK,20.92824555952381,85.11593554761905
ODISHA,BOLANGIR,20.95970565060241,85.09067395180723
ODISHA,BOUDH,21.016352308641974,85.07092718518518
ODISHA,CUTTACK,20.456907535714286,85.89539471428571
ODISHA,DCP BBSR,20.918173047619046,85.11338647619047
ODISHA,DCP CTC,20.862795512195124,85.11615841463414
ODISHA,DEOGARH,20.968048912500002,85.1015997625
ODISHA,DHENKANAL,20.981866964285715,85.0719629404762
ODISHA,GAJAPATI,20.949852088607596,85.12821063291139
ODISHA,GANJAM,21.060497341463417,85.10924958536586
ODISHA,JAGATSINGHPUR,20.93338985185185,85.07334214814816
ODISHA,JAJPUR,20.979287722891566,85.12436216867471
ODISHA,JHARSUGUDA,21.001333600000002,85.1177064
ODISHA,KALAHANDI,20.945700590361444,85.06321727710844
ODISHA,KANDHAMAL,20.92819983333333,85.08776796428572
ODISHA,KENDRAPARA,20.960945379746835,85.0528435443038
ODISHA,KEONJHAR,20.892041619047617,85.09211992857142
ODISHA,KHURDA,21.04676138554217,85.06113563855422
ODISHA,KORAPUT,18.834373550000002,82.7334124625
ODISHA,MALKANGIR,20.945223180555555,85.09687745833334
ODISHA,MALKANGIRI,21.193682499999998,85.2802815
ODISHA,MAYURBHANJ,20.970964275,85.0912471875
ODISHA,NABARANGPUR,20.951838,85.0228865
ODISHA,NAYAGARH,20.97608794047619,85.08927466666667
ODISHA,NOWRANGPUR,20.92142409722222,85.08820858333334
ODISHA,NUAPADA,20.9595651,85.121344875
ODISHA,PURI,20.99916301265823,85.09694421518988
ODISHA,RAYAGADA,20.941161525641025,85.06164257692308
ODISHA,ROURKELA,20.9151306626506,85.07326289156627
ODISHA,SAMBALPUR,21.4734805625,83.9987724375
ODISHA,SONEPUR,20.883242316455696,85.09172675949367
ODISHA,SRP (CUTTACK),20.53037375,85.963458
ODISHA,SRP (ROURKELA),21.1209065,84.93064825
ODISHA,SRP(CUTTACK),20.437367585365852,85.9026373902439
ODISHA,SRP(ROURKELA),20.95023275,85.1036941875
ODISHA,SUNDARGARH,20.957065722891567,85.06015710843374
ODISHA,TOTAL,20.916241120000002,85.12690805333332
ODISHA,TOTAL DISTRICT(S),20.899032833333333,85.159353
ODISHA,ZZ TOTAL,20.953319500000003,84.99634933333333
PUDUCHERRY,KARAIKAL,20.522014731707316,78.92531034146342
PUDUCHERRY,PONDICHERRY,20.61626376190476,78.82779009523809
PUDUCHERRY,PUDUCHERRY,20.575429487179488,78.94356028205128
PUDUCHERRY,TOTAL,20.685159757142856,79.05511957142858
PUDUCHERRY,TOTAL DISTRICT(S),20.692718,78.90752583333334
PUDUCHERRY,ZZ TOTAL,20.32441083333333,78.94895083333334
PUNJAB,AMRITSAR,31.638331773584905,74.86023581132075
PUNJAB,AMRITSAR RURAL,31.62249733333333,74.89285307692307
PUNJAB,BARNALA,31.073054573529408,75.34930150000001
PUNJAB,BATALA,31.21846605714286,75.36265384285714
PUNJAB,BATHINDA,30.2156652,74.9155576
PUNJAB,BHATINDA,31.192826613333335,75.29823510666667
PUNJAB,CP AMRITSAR,31.649607344827587,74.85433310344828
PUNJAB,CP JALANDHAR,31.307445366666666,75.60242476666667
PUNJAB,CP LUDHIANA,30.9584665,75.86215383333334
PUNJAB,FARIDKOT,31.119135712328767,75.32266330136986
PUNJAB,FATEHGARH SAHIB,31.12776353846154,75.36359628205129
PUNJAB,FAZILKA,31.19196971428571,75.29357795238096
PUNJAB,FEROZEPUR,31.12554564,75.26858124
PUNJAB,FEROZPUR,31.091624333333332,75.35022257777779
PUNJAB,G. R. P.,31.067469,75.507705
PUNJAB,G.R.P,31.190033896551725,75.24279151724139
PUNJAB,GURDASPUR,31.17855226388889,75.35157451388889
PUNJAB,HOSHIARPUR,31.13056285897436,75.31603907692308
PUNJAB,JAGRAON,27.156052225000003,78.054404375
PUNJAB,JALANDHAR,31.29876662962963,75.58284472222222
PUNJAB,JALANDHAR RURAL,31.335557478260867,75.57715991304347
PUNJAB,KAPURTHALA,31.12562566197183,75.29253708450705
PUNJAB,KHANNA,31.1197192238806,75.35243659701493
PUNJAB,LUDHIANA,30.894146916666667,75.87156251666667
PUNJAB,LUDHIANA RURAL,30.864736545454544,75.82895766666667
PUNJAB,MAJITHA,31.138999875,75.3095789375
PUNJAB,MANSA,31.115858783783786,75.38127497297297
PUNJAB,MOGA,13.94880183783784,75.55852808108108
PUNJAB,MUKTSAR,31.153365716216218,75.35435712162162
PUNJAB,NAWAN SHAHR,31.178224184210528,75.3807169736842
PUNJAB,PATHANKOT,31.20648547368421,75.30254157894737
PUNJAB,PATIALA,30.34172824675325,76.39608263636363
PUNJAB,ROPAR,31.135256787499998,75.32808285
PUNJAB,SANGRUR,31.108856370370372,75.30995269135803
PUNJAB,SAS NAGAR,31.3691842,75.53541799999999
PUNJAB,SAS NGR,31.10315105263158,75.36236847368421
PUNJAB,SBS NAGAR,31.20228505263158,75.32019952631579
PUNJAB,TARN TARAN,31.142917408450703,75.30437930985916
PUNJAB,TOTAL,31.195329013698633,75.30876039726027
PUNJAB,TOTAL DISTRICT(S),31.186372000000002,75.32883333333332
PUNJAB,ZZ TOTAL,31.153700833333332,75.34037766666667
RAJASTHAN,AJMER,26.469014039999998,74.65949184
RAJASTHAN,ALWAR,27.570368194444445,76.64816309722222
RAJASTHAN,BANSWARA,26.98023509876543,74.18880555555555
RAJASTHAN,BARAN,27.0762784875,74.2531924875
RAJASTHAN,BARMER,27.030937142857145,74.2235144
RAJASTHAN,BHARATPUR,27.21238495774648,77.44778004225353
RAJASTHAN,BHILWARA,27.048795613333333,74.18352678666666
RAJASTHAN,BIKANER,28.016057114285715,73.32812227142857
RAJASTHAN,BUNDI,27.041895405405405,74.1591390810811
RAJASTHAN,CHITTORGARH,27.006519975609756,74.23457052439024
RAJASTHAN,CHURU,27.02820979166667,74.23391230555555
RAJASTHAN,DAUSA,27.087631914285716,74.24816287142858
RAJASTHAN,DHOLPUR,27.02419215714286,74.19276175714285
RAJASTHAN,DUNGARPUR,27.0510815,74.20021883333334
RAJASTHAN,G.R.P.,27.035776393939393,74.26130933333333
RAJASTHAN,G.R.P. AJMER,26.2994345,74.72477649999999
RAJASTHAN,G.R.P. JODHPUR,26.310769000000004,72.96775233333334
RAJASTHAN,G.R.P.AJMER,26.450273882352942,74.65290270588235
RAJASTHAN,G.R.P.JODHPUR,26.259399,73.00168222222221
RAJASTHAN,GANGANAGAR,27.059086743902437,74.24083778048781
RAJASTHAN,HANUMANGARH,27.02111049333333,74.25340316
RAJASTHAN,JAIPUR,26.91356967857143,75.76230353571428
RAJASTHAN,JAIPUR EAST,26.887216,75.76452391489362
RAJASTHAN,JAIPUR NORTH,26.891288266666667,75.78743571111112
RAJASTHAN,JAIPUR RURAL,26.91482,75.78175196000001
RAJASTHAN,JAIPUR SOUTH,26.877721555555556,75.78064673333334
RAJASTHAN,JAIPUR WEST,26.89706289473684,75.79303399999999
RAJASTHAN,JAISALMER,27.003931309859155,74.18470764788732
RAJASTHAN,JALORE,27.010690071428574,74.16905481428572
RAJASTHAN,JHALAWAR,27.001612759036146,74.22679181927711
RAJASTHAN,JHUNJHUNU,27.02310644927536,74.19493157971014
RAJASTHAN,JODHPUR,26.23654493548387,73.02411619354838
RAJASTHAN,JODHPUR CITY,26.23408294444444,73.01066075
RAJASTHAN,JODHPUR EAST,26.2153400625,72.998929125
RAJASTHAN,JODHPUR RURAL,26.253602422222226,73.02958542222223
RAJASTHAN,JODHPUR WEST,26.204648285714285,72.94696535714286
RAJASTHAN,KARAULI,27.086921271428572,74.19067281428572
RAJASTHAN,KOTA,25.22098636666667,75.85913493333334
RAJASTHAN,KOTA CITY,25.197817673469388,75.84882567346939
RAJASTHAN,KOTA RURAL,25.181403531914892,75.84436006382978
RAJASTHAN,NAGAUR,27.004497685714284,74.24122787142858
RAJASTHAN,PALI,27.046410807692308,74.16092112820513
RAJASTHAN,PRATAPGARH,27.065454,74.14730702857143
RAJASTHAN,RAJSAMAND,26.99289035064935,74.22931988311689
RAJASTHAN,SAWAI MADHOPUR,27.037078955882354,74.1946034117647
RAJASTHAN,SIKAR,27.013259385714285,74.20920557142858
RAJASTHAN,SIROHI,26.999850826666666,74.25712636
RAJASTHAN,TONK,27.017139761904758,74.22538679761904
RAJASTHAN,TOTAL,27.056769855263155,74.20620956578948
RAJASTHAN,TOTAL DISTRICT(S),27.026039333333333,74.33530583333334
RAJASTHAN,UDAIPUR,24.583552392405064,73.71284455696203
RAJASTHAN,ZZ TOTAL,27.113473714285714,74.31895342857142
SIKKIM,EAST,17.359652981132076,81.96165271698112
SIKKIM,NORTH,28.745321214285713,77.09203464285714
SIKKIM,SOUTH,28.52343518367347,77.20038608163266
SIKKIM,TOTAL,20.598802250000002,78.92639389583333
SIKKIM,TOTAL DISTRICT(S),20.020850799999998,78.7777448
SIKKIM,WEST,28.655351555555555,77.0534994
SIKKIM,ZZ TOTAL,20.47431575,79.093593
TAMIL NADU,ARIYALUR,11.154162615384616,78.683739
TAMIL NADU,CHENGAI,11.228878625,78.722886375
TAMIL NADU,CHENNAI,13.089679914634148,80.26056692682927
TAMIL NADU,CHENNAI RLY.,13.068263371428571,80.32081262857143
TAMIL NADU,CHENNAISUBURBAN,13.058796277777779,80.27031688888889
TAMIL NADU,COIMBATORE,10.99613125,76.95903275
TAMIL NADU,COIMBATORE CITY,10.8556655,76.9879445
TAMIL NADU,COIMBATORE RURAL,11.00522216,76.93946609333334
TAMIL NADU,COIMBATORE URBAN,11.035631636363636,76.97036712987013
TAMIL NADU,CUDDALORE,11.104281243589742,78.70986496153847
TAMIL NADU,DHARMAPURI,11.138441625,78.676756075
TAMIL NADU,DINDIGUL,11.140763303797469,78.62280343037975
TAMIL NADU,ERODE,11.351514628205129,77.71982787179488
TAMIL NADU,KANCHIPURAM,11.131545234567902,78.59648122222222
TAMIL NADU,KANYAKUMARI,11.109840367088607,78.73212427848101
TAMIL NADU,KARUR,11.1604868125,78.6252092125
TAMIL NADU,KRISHNAGIRI,16.605006369230768,80.67199533846153
TAMIL NADU,MADURAI,9.9786945,78.15998316666666
TAMIL NADU,MADURAI CITY,9.873974500000001,78.10925633333333
TAMIL NADU,MADURAI RURAL,9.906244076923077,78.120843
TAMIL NADU,MADURAI URBAN,9.897779846153847,78.09933191025641
TAMIL NADU,NAGAPATTINAM,11.091303759036144,78.66863226506024
TAMIL NADU,NAMAKKAL,11.111981727272727,78.70996944155844
TAMIL NADU,NILGIRIS,11.1250555,78.6772076142857
TAMIL NADU,PERAMBALUR,11.098818249999999,78.6685114736842
TAMIL NADU,PUDUKOTTAI,11.123756911392405,78.67002324050632
TAMIL NADU,RAILWAY CHENNAI,13.142889,80.296818
TAMIL NADU,RAMNATHAPURAM,11.11190931707317,78.63676840243903
TAMIL NADU,SALEM,11.601768400000001,78.1442568
TAMIL NADU,SALEM CITY,11.761187999999999,78.20812833333333
TAMIL NADU,SALEM RURAL,11.63904112857143,78.14623011428571
TAMIL NADU,SALEM URBAN,11.656002346153846,78.15361944871795
TAMIL NADU,SIVAGANGAI,11.126664777777778,78.64940874074074
TAMIL NADU,THANJAVUR,11.067512243243243,78.68723055405405
TAMIL NADU,THENI,11.179136674999999,78.6445313375
TAMIL NADU,THIRUNELVELI,11.1329298,78.6684722
TAMIL NADU,THIRUNELVELI CITY,10.9353765,78.73175975000001
TAMIL NADU,THIRUNELVELI RURAL,11.129072084507042,78.62584804225352
TAMIL NADU,THIRUNELVELI URBAN,11.15130880882353,78.68673319117647
TAMIL NADU,THIRUVALLUR,11.07281224691358,78.69634356790124
TAMIL NADU,THIRUVANNAMALAI,11.109202705128206,78.70591033333334
TAMIL NADU,THIRUVARUR,11.090176818181819,78.70359485714286
TAMIL NADU,THOOTHUGUDI,11.131592597222221,78.6786628611111
TAMIL NADU,THOOTHUKUDI,11.15582425,78.59597049999999
TAMIL NADU,TIRUPPUR,11.12344440625,78.6230421875
TAMIL NADU,TIRUPPUR CITY,11.16802925,78.52285575
TAMIL NADU,TOTAL,11.157311797297297,78.66814977027028
TAMIL NADU,TOTAL DISTRICT(S),11.047527666666667,78.32899966666666
TAMIL NADU,TRICHY,11.1142056,78.5103288
TAMIL NADU,TRICHY CITY,11.027055,78.5691614
TAMIL NADU,TRICHY RLY.,11.1833935,78.60631705
TAMIL NADU,TRICHY RURAL,11.11894361971831,78.66130969014084
TAMIL NADU,TRICHY URBAN,11.157734135135135,78.63886377027026
TAMIL NADU,VELLORE,12.920402363636365,79.14030096103896
TAMIL NADU,VILLUPURAM,11.127864418918918,78.6659630945946
TAMIL NADU,VILUPPURAM,10.8609615,78.70153183333333
TAMIL NADU,VIRUDHUNAGAR,11.111535914634146,78.65675398780488
TAMIL NADU,ZZ TOTAL,11.211974833333334,78.5524185
TELANGANA,ADILABAD,19.6787015,78.52728166666667
TELANGANA,CYBERABAD,20.5190005,78.61173316666667
TELANGANA,HYDERABAD CITY,17.370639666666666,78.55725983333333
TELANGANA,KARIMNAGAR,18.324611166666667,79.08336483333333
TELANGANA,KHAMMAM,17.240124166666668,80.1500745
TELANGANA,MAHABOOB NAGAR,20.579335833333335,79.19357633333334
TELANGANA,MEDAK,18.105973666666667,78.25971233333333
TELANGANA,NALGONDA,17.0883135,79.322684
TELANGANA,NIZAMABAD,18.735741333333333,78.16448683333333
TELANGANA,RANGA REDDY,17.323719333333333,78.43807066666666
TELANGANA,SECUNDERABAD RAILWAY,20.971026,78.89539433333333
TELANGANA,TOTAL DISTRICT(S),20.814352666666668,78.94159566666667
TELANGANA,WARANGAL CITY,17.919684166666666,79.674897
TELANGANA,WARANGAL RURAL,17.923365333333333,79.57091333333334
TRIPURA,DHALAI,20.485450571428572,79.11287242857142
TRIPURA,G. R. P.,20.899276,79.214527
TRIPURA,G.R.P.,20.655148,79.155292
TRIPURA,GOMATI,20.4202616875,79.1224696875
TRIPURA,KHOWAI,20.351122818181818,78.96363909090908
TRIPURA,KOWAI,20.729823,78.68299959999999
TRIPURA,NORTH,28.72913732394366,77.0836061830986
TRIPURA,SIPAHIJALA,20.8229786875,79.10494249999999
TRIPURA,SOUTH,28.536607753424654,77.1720164109589
TRIPURA,TOTAL,20.599883865671643,78.90147094029851
TRIPURA,TOTAL DISTRICT(S),20.10795583333333,78.911713
TRIPURA,UNAKOTI,20.41466211111111,79.01666094444444
TRIPURA,WEST,28.662314848101268,77.05148769620253
TRIPURA,ZZ TOTAL,20.538205333333334,79.18233783333334
UTTAR PRADESH,AGRA,27.182561544303795,78.00776069620252
UTTAR PRADESH,ALIGARH,27.90033035443038,78.08650583544303
UTTAR PRADESH,ALLAHABAD,25.443879061728396,81.85110066666667
UTTAR PRADESH,AMBEDKAR NAGAR,26.856787936708862,80.91726515189873
UTTAR PRADESH,AMETHI,26.9183319,80.822901
UTTAR PRADESH,AMROHA,27.0231362,81.06310069999999
UTTAR PRADESH,AURAIYA,26.863168303797472,80.9603262278481
UTTAR PRADESH,AZAMGARH,26.071939759493674,83.1836070886076
UTTAR PRADESH,BADAUN,26.85490901265823,80.94529073417722
UTTAR PRADESH,BAGHPAT,26.860425594936707,80.93541675949366
UTTAR PRADESH,BAHRAICH,26.763278576923078,80.99684975641026
UTTAR PRADESH,BALLIA,26.802210337499996,80.997653925
UTTAR PRADESH,BALRAMPUR,26.903892794871798,80.88179683333333
UTTAR PRADESH,BANDA,26.845153746835443,80.93680032911392
UTTAR PRADESH,BARABANKI,26.891112012658226,80.97728839240507
UTTAR PRADESH,BAREILLY,28.365406387500002,79.42941305000001
UTTAR PRADESH,BASTI,26.8775025,80.95057526923077
UTTAR PRADESH,BHADOHI,26.812548600000003,81.07842860000001
UTTAR PRADESH,BHIM NAGAR,26.792202800000002,80.9246621
UTTAR PRADESH,BIJNOR,26.821973101265826,80.91781279746836
UTTAR PRADESH,BULANDSHAHAR,26.845333666666665,80.90300708641975
UTTAR PRADESH,CHANDOLI,26.801339923076927,81.00164480769232
UTTAR PRADESH,CHITRAKOOT,26.974296199999998,81.0334134
UTTAR PRADESH,CHITRAKOOT DHAM,26.84729794117647,80.96694555882354
UTTAR PRADESH,CSM NAGAR,26.8576574,80.92982626666667
UTTAR PRADESH,DEORIA,26.845115696202534,80.96549998734177
UTTAR PRADESH,ETAH,26.836078333333337,80.94741398765433
UTTAR PRADESH,ETAWAH,26.819033658227845,80.86343706329113
UTTAR PRADESH,FAIZABAD,26.7918385125,82.1449300625
UTTAR PRADESH,FATEHGARH,26.86469180263158,80.93960106578947
UTTAR PRADESH,FATEHPUR,26.834176825000004,80.94601643749999
UTTAR PRADESH,FIROZABAD,26.784330721518984,80.95878841772152
UTTAR PRADESH,G. R. P.,26.7229285,80.9762355
UTTAR PRADESH,G.R.P.,26.882476631578946,80.99143947368421
UTTAR PRADESH,GAUTAMBUDH NAGAR,26.77767688888889,80.99672814814815
UTTAR PRADESH,GHAZIABAD,28.659804075,77.44239455
UTTAR PRADESH,GHAZIPUR,26.864206274999997,80.97230007499999
UTTAR PRADESH,GONDA,17.05764070886076,79.2626214050633
UTTAR PRADESH,GORAKHPUR,26.747146164556963,83.3572889113924
UTTAR PRADESH,HAMIRPUR,26.8876993,80.96437255
UTTAR PRADESH,HAPUR,16.697144,74.1764335
UTTAR PRADESH,HARDOI,26.87470063291139,80.92967535443037
UTTAR PRADESH,HATHRAS,26.8692582625,80.9254211125
UTTAR PRADESH,J.P.NAGAR,26.81743992753623,80.93306623188406
UTTAR PRADESH,JALAUN,26.86206716455696,80.95703941772152
UTTAR PRADESH,JAUNPUR,26.78357032911392,80.97466906329115
UTTAR PRADESH,JHANSI,25.460042950617286,78.58319519753087
UTTAR PRADESH,KANNAUJ,26.894528607594935,80.90276107594937
UTTAR PRADESH,KANPUR DEHAT,26.44045496875,80.318506125
UTTAR PRADESH,KANPUR NAGAR,26.468694963414634,80.32007154878049
UTTAR PRADESH,KANSHIRAM NAGAR,26.90994885185185,80.97630540740741
UTTAR PRADESH,KASGANJ,26.807293800000004,80.88523119999999
UTTAR PRADESH,KAUSHAMBI,26.780435949367085,80.98691583544304
UTTAR PRADESH,KHIRI,26.824518367088608,80.95516775949366
UTTAR PRADESH,KUSHI NAGAR,26.875676025316455,80.88317110126582
UTTAR PRADESH,LALITPUR,26.843920784810127,80.94098510126582
UTTAR PRADESH,LUCKNOW,26.851064185185187,80.9311779382716
UTTAR PRADESH,MAHARAJGANJ,26.893844961538463,80.91555152564102
UTTAR PRADESH,MAHOBA,26.813026641025644,80.94979771794873
UTTAR PRADESH,MAINPURI,26.879149871794873,80.99292846153845
UTTAR PRADESH,MATHURA,27.51284664556962,77.6812745443038
UTTAR PRADESH,MAU,26.868082716049383,80.98353590123457
UTTAR PRADESH,MEERUT,28.98354187341772,77.7058030886076
UTTAR PRADESH,MIRZAPUR,26.816946810126584,80.91317198734177
UTTAR PRADESH,MORADABAD,28.841122573170733,78.78520630487805
UTTAR PRADESH,MUZAFFARNAGAR,26.898155202531644,80.9210926329114
UTTAR PRADESH,PANCHSHIL NAGAR,26.9474512,80.8887868
UTTAR PRADESH,PILIBHIT,26.810589589743593,80.9598645
UTTAR PRADESH,PRABUDDH NAGAR,26.952441,80.8890782
UTTAR PRADESH,PRATAPGARH,26.883890506329113,80.93323293670886
UTTAR PRADESH,RAIBAREILLY,28.347638430379746,79.45165181012658
UTTAR PRADESH,RAMABAI NAGAR,26.888316666666665,80.94027526666667
UTTAR PRADESH,RAMPUR,26.808953858974363,80.98106642307691
UTTAR PRADESH,SAHARANPUR,26.808856924999997,80.9722204625
UTTAR PRADESH,SAMBHAL,26.733390800000002,81.0285329
UTTAR PRADESH,SANT KABIRNAGAR,26.877100236842104,80.94832090789474
UTTAR PRADESH,SHAHJAHANPUR,26.883721650000002,80.9425684125
UTTAR PRADESH,SHAMLI,26.9396975,81.0468958
UTTAR PRADESH,SHRAWASTI,26.83892076,80.91123207999999
UTTAR PRADESH,SIDHARTHNAGAR,26.89478592405063,80.97888988607595
UTTAR PRADESH,SITAPUR,27.571335430379747,80.67820112658228
UTTAR PRADESH,SONBHADRA,26.79457370886076,80.98641997468354
UTTAR PRADESH,ST.RAVIDASNAGAR,26.838629739726027,80.93245842465753
UTTAR PRADESH,SULTANPUR,26.83113998734177,80.8377566329114
UTTAR PRADESH,TOTAL,26.87553090410959,80.93791616438357
UTTAR PRADESH,TOTAL DISTRICT(S),26.897038999999996,80.88045633333333
UTTAR PRADESH,UNNAO,26.924087278481014,80.916660278481
UTTAR PRADESH,VARANASI,25.336014962962963,82.98160554320988
UTTAR PRADESH,ZZ TOTAL,26.827114166666664,81.01956616666668
UTTARAKHAND,ALMORA,20.61598324675325,78.91318044155844
UTTARAKHAND,BAGESHWAR,20.616587136363638,78.90735053030302
UTTARAKHAND,CHAMOLI,20.50519937878788,78.94532034848484
UTTARAKHAND,CHAMPAWAT,20.64221512962963,78.85874977777777
UTTARAKHAND,DEHRADUN,30.32700272619048,78.00592891666668
UTTARAKHAND,HARIDWAR,29.95550766666667,78.17526425925925
UTTARAKHAND,NAINITAL,29.38928244444444,79.48702351851853
UTTARAKHAND,PAURI GARHWAL,20.511236166666666,78.95286837179488
UTTARAKHAND,PITHORAGARH,20.570776924242423,79.01566781818181
UTTARAKHAND,RUDRA PRAYAG,20.521988449275362,79.04460428985507
UTTARAKHAND,TEHRI GARHWAL,20.5511466969697,78.82898010606061
UTTARAKHAND,TOTAL,20.625479767123288,78.98898024657535
UTTARAKHAND,TOTAL DISTRICT(S),20.73017666666667,78.913968
UTTARAKHAND,UDHAMSINGH NAGAR,20.560055472222224,79.0654455
UTTARAKHAND,UTTARKASHI,20.597806708333334,78.92464279166667
UTTARAKHAND,ZZ TOTAL,20.558586666666667,79.1992415
WEST BENGAL,24 PARGANAS NORTH,22.971753278481014,87.83119854430379
WEST BENGAL,24 PARGANAS SOUTH,23.014725736842106,87.87911910526316
WEST BENGAL,ALIPURDUAR,23.015255999999997,87.98395266666667
WEST BENGAL,ASANSOL,23.027814208955224,87.93203579104478
WEST BENGAL,ASANSOL-DURGAPUR PC,21.173667833333337,81.23912983333334
WEST BENGAL,BANKURA,22.952854157894734,87.88230739473684
WEST BENGAL,BARRACKPUR PC,23.018953999999997,87.76144833333332
WEST BENGAL,BDN CP,23.068617818181817,87.90569927272728
WEST BENGAL,BIDHANNAGAR PC,22.860207,87.73128833333334
WEST BENGAL,BIRBHUM,22.980811084507042,87.8331368169014
WEST BENGAL,BKP CP,22.982904416666667,88.1050295
WEST BENGAL,BURDWAN,23.219589986666666,87.85595021333333
WEST BENGAL,COOCHBEHAR,23.020192773333335,87.82626705333334
WEST BENGAL,DAKSHIN DINAJPUR,25.625644454545455,88.63947345454545
WEST BENGAL,DARJEELING,23.05004198734177,87.8604758227848
WEST BENGAL,HOOGHLY,22.904507573333333,88.40891202666667
WEST BENGAL,HOWRAH,22.587589957746477,88.25981949295775
WEST BENGAL,HOWRAH CITY,22.57935490909091,88.28330109090909
WEST BENGAL,HOWRAH G. R. P.,22.460609666666667,88.18168733333334
WEST BENGAL,HOWRAH G.R.P.,22.640361062500002,88.266561125
WEST BENGAL,HOWRAH PC,22.53143233333333,88.22991
WEST BENGAL,HOWRAH RURAL,22.630248833333336,88.29420166666667
WEST BENGAL,JALPAIGURI,26.55071855263158,88.71200223684211
WEST BENGAL,JHARGRAM,22.906058636363635,87.88762645454545
WEST BENGAL,JHARGRAM POLICE DISTRICT,22.9145635,87.99112733333334
WEST BENGAL,KHARAGPUR G. R. P.,23.049671,87.9710345
WEST BENGAL,KHARAGPUR G.R.P.,23.05981854166667,88.016166375
WEST BENGAL,KOLKATA,22.55581275531915,88.34799762765958
WEST BENGAL,MALDA,24.999960460526314,88.15442959210527
WEST BENGAL,MIDNAPUR,23.035303499999998,88.07202566666666
WEST BENGAL,MURSHIDABAD,24.162346913580247,88.26789880246915
WEST BENGAL,NADIA,23.466733416666667,88.56511808333333
WEST BENGAL,NORTH 24 PARGANAS,22.891143333333332,87.683408
WEST BENGAL,PASCHIM MEDINIPUR,22.96794033333333,88.08456933333333
WEST BENGAL,PASCHIM MIDNAPUR,22.985159880597013,87.83596485074627
WEST BENGAL,PURAB MEDINIPUR,22.838336,87.789767
WEST BENGAL,PURAB MIDNAPUR,23.039898484375,87.881789984375
WEST BENGAL,PURULIA,22.900618173913042,87.87338375362319
WEST BENGAL,SEALDAH G. R. P.,23.20729366666667,88.14748216666668
WEST BENGAL,SEALDAH G.R.P.,22.95828931914894,87.80587525531915
WEST BENGAL,SILIGURI G. R. P.,23.005875,87.94412999999999
WEST BENGAL,SILIGURI G.R.P.,22.941940612903224,87.85012029032258
WEST BENGAL,SILIGURI PC,22.7807225,87.782392
WEST BENGAL,SILIGURI_PC,22.871577666666667,87.90013033333334
WEST BENGAL,SOUTH 24 PARGANAS,23.124441666666666,87.76319616666667
WEST BENGAL,TOTAL,22.978211674698795,87.807375686747
WEST BENGAL,TOTAL DISTRICT(S),23.086838857142855,87.95629557142857
WEST BENGAL,UTTAR DINAJPUR,25.611600884615385,88.63863335897436
WEST BENGAL,ZZ TOTAL,23.08544842857143,87.99157157142858
